[{"model": "admin.logentry", "pk": 1, "fields": {"action_time": "2022-04-16T21:49:44.098Z", "user": 1, "content_type": 4, "object_id": "2", "object_repr": "cristian_cespedes", "action_flag": 1, "change_message": "[{\"added\": {}}]"}}, {"model": "admin.logentry", "pk": 2, "fields": {"action_time": "2022-04-16T21:50:34.530Z", "user": 1, "content_type": 4, "object_id": "3", "object_repr": "juanjose_cespedes", "action_flag": 1, "change_message": "[{\"added\": {}}]"}}, {"model": "admin.logentry", "pk": 3, "fields": {"action_time": "2022-04-16T21:51:06.545Z", "user": 1, "content_type": 4, "object_id": "4", "object_repr": "guillermo_allende", "action_flag": 1, "change_message": "[{\"added\": {}}]"}}, {"model": "admin.logentry", "pk": 4, "fields": {"action_time": "2022-04-16T21:51:45.757Z", "user": 1, "content_type": 4, "object_id": "5", "object_repr": "calos_olivares", "action_flag": 1, "change_message": "[{\"added\": {}}]"}}, {"model": "admin.logentry", "pk": 5, "fields": {"action_time": "2022-04-16T21:52:29.775Z", "user": 1, "content_type": 4, "object_id": "6", "object_repr": "juan_puig", "action_flag": 1, "change_message": "[{\"added\": {}}]"}}, {"model": "admin.logentry", "pk": 6, "fields": {"action_time": "2022-04-16T21:58:50.227Z", "user": 1, "content_type": 4, "object_id": "5", "object_repr": "calos_olivares", "action_flag": 2, "change_message": "[{\"changed\": {\"fields\": [\"First name\", \"Last name\", \"Email address\"]}}]"}}, {"model": "admin.logentry", "pk": 7, "fields": {"action_time": "2022-04-16T22:16:37.682Z", "user": 1, "content_type": 4, "object_id": "2", "object_repr": "cristian_cespedes", "action_flag": 2, "change_message": "[{\"changed\": {\"fields\": [\"First name\", \"Last name\", \"Email address\"]}}]"}}, {"model": "admin.logentry", "pk": 8, "fields": {"action_time": "2022-04-16T22:17:17.337Z", "user": 1, "content_type": 4, "object_id": "4", "object_repr": "guillermo_allende", "action_flag": 2, "change_message": "[{\"changed\": {\"fields\": [\"First name\", \"Last name\", \"Email address\"]}}]"}}, {"model": "admin.logentry", "pk": 9, "fields": {"action_time": "2022-04-16T22:18:03.973Z", "user": 1, "content_type": 4, "object_id": "6", "object_repr": "juan_puig", "action_flag": 2, "change_message": "[{\"changed\": {\"fields\": [\"First name\", \"Last name\", \"Email address\"]}}]"}}, {"model": "admin.logentry", "pk": 10, "fields": {"action_time": "2022-04-16T22:18:57.742Z", "user": 1, "content_type": 4, "object_id": "3", "object_repr": "juanjose_cespedes", "action_flag": 2, "change_message": "[{\"changed\": {\"fields\": [\"First name\", \"Last name\", \"Email address\"]}}]"}}, {"model": "admin.logentry", "pk": 11, "fields": {"action_time": "2022-04-18T14:51:42.324Z", "user": 1, "content_type": 7, "object_id": "1", "object_repr": "Usuario object (1)", "action_flag": 1, "change_message": "[{\"added\": {}}]"}}, {"model": "admin.logentry", "pk": 12, "fields": {"action_time": "2022-04-18T14:52:04.397Z", "user": 1, "content_type": 7, "object_id": "2", "object_repr": "Usuario object (2)", "action_flag": 1, "change_message": "[{\"added\": {}}]"}}, {"model": "admin.logentry", "pk": 13, "fields": {"action_time": "2022-04-18T14:52:18.030Z", "user": 1, "content_type": 7, "object_id": "3", "object_repr": "Usuario object (3)", "action_flag": 1, "change_message": "[{\"added\": {}}]"}}, {"model": "admin.logentry", "pk": 14, "fields": {"action_time": "2022-04-18T14:53:03.005Z", "user": 1, "content_type": 7, "object_id": "4", "object_repr": "Usuario object (4)", "action_flag": 1, "change_message": "[{\"added\": {}}]"}}, {"model": "admin.logentry", "pk": 15, "fields": {"action_time": "2022-04-18T14:54:18.381Z", "user": 1, "content_type": 7, "object_id": "5", "object_repr": "Usuario object (5)", "action_flag": 1, "change_message": "[{\"added\": {}}]"}}, {"model": "admin.logentry", "pk": 16, "fields": {"action_time": "2022-04-21T15:24:06.887Z", "user": 1, "content_type": 7, "object_id": "6", "object_repr": "Usuario object (6)", "action_flag": 1, "change_message": "[{\"added\": {}}]"}}, {"model": "admin.logentry", "pk": 17, "fields": {"action_time": "2022-04-26T19:22:01.327Z", "user": 1, "content_type": 3, "object_id": "1", "object_repr": "SoporteTecnicoAplicacio1", "action_flag": 1, "change_message": "[{\"added\": {}}]"}}, {"model": "admin.logentry", "pk": 18, "fields": {"action_time": "2022-04-26T19:23:00.193Z", "user": 1, "content_type": 3, "object_id": "2", "object_repr": "ComercialAplicacion1", "action_flag": 1, "change_message": "[{\"added\": {}}]"}}, {"model": "admin.logentry", "pk": 19, "fields": {"action_time": "2022-04-26T19:31:27.503Z", "user": 1, "content_type": 4, "object_id": "9", "object_repr": "cristian_almonacid", "action_flag": 1, "change_message": "[{\"added\": {}}]"}}, {"model": "admin.logentry", "pk": 20, "fields": {"action_time": "2022-04-26T19:32:15.548Z", "user": 1, "content_type": 4, "object_id": "10", "object_repr": "nelson_valenzuela", "action_flag": 1, "change_message": "[{\"added\": {}}]"}}, {"model": "admin.logentry", "pk": 21, "fields": {"action_time": "2022-04-26T19:32:43.686Z", "user": 1, "content_type": 4, "object_id": "11", "object_repr": "guillermo_toledo", "action_flag": 1, "change_message": "[{\"added\": {}}]"}}, {"model": "admin.logentry", "pk": 22, "fields": {"action_time": "2022-04-26T19:33:25.261Z", "user": 1, "content_type": 4, "object_id": "12", "object_repr": "rodrigo_carcamo", "action_flag": 1, "change_message": "[{\"added\": {}}]"}}, {"model": "admin.logentry", "pk": 23, "fields": {"action_time": "2022-04-26T19:38:27.811Z", "user": 1, "content_type": 4, "object_id": "9", "object_repr": "cristian_almonacid", "action_flag": 2, "change_message": "[{\"changed\": {\"fields\": [\"First name\", \"Last name\", \"Email address\", \"Staff status\", \"Groups\"]}}]"}}, {"model": "admin.logentry", "pk": 24, "fields": {"action_time": "2022-04-26T19:39:32.236Z", "user": 1, "content_type": 4, "object_id": "10", "object_repr": "nelson_valenzuela", "action_flag": 2, "change_message": "[{\"changed\": {\"fields\": [\"First name\", \"Last name\", \"Email address\", \"Staff status\", \"Groups\"]}}]"}}, {"model": "admin.logentry", "pk": 25, "fields": {"action_time": "2022-04-26T19:40:46.362Z", "user": 1, "content_type": 4, "object_id": "11", "object_repr": "guillermo_toledo", "action_flag": 2, "change_message": "[{\"changed\": {\"fields\": [\"First name\", \"Last name\", \"Email address\", \"Staff status\", \"Groups\"]}}]"}}, {"model": "admin.logentry", "pk": 26, "fields": {"action_time": "2022-04-26T19:41:56.809Z", "user": 1, "content_type": 4, "object_id": "12", "object_repr": "rodrigo_carcamo", "action_flag": 2, "change_message": "[{\"changed\": {\"fields\": [\"First name\", \"Last name\", \"Email address\", \"Staff status\", \"Groups\"]}}]"}}, {"model": "admin.logentry", "pk": 27, "fields": {"action_time": "2022-05-04T18:17:52.147Z", "user": 1, "content_type": 9, "object_id": "1", "object_repr": "Soporte_Tecnico object (1)", "action_flag": 1, "change_message": "[{\"added\": {}}]"}}, {"model": "admin.logentry", "pk": 28, "fields": {"action_time": "2022-05-04T18:18:28.776Z", "user": 1, "content_type": 9, "object_id": "2", "object_repr": "Soporte_Tecnico object (2)", "action_flag": 1, "change_message": "[{\"added\": {}}]"}}, {"model": "auth.permission", "pk": 1, "fields": {"name": "Can add log entry", "content_type": 1, "codename": "add_logentry"}}, {"model": "auth.permission", "pk": 2, "fields": {"name": "Can change log entry", "content_type": 1, "codename": "change_logentry"}}, {"model": "auth.permission", "pk": 3, "fields": {"name": "Can delete log entry", "content_type": 1, "codename": "delete_logentry"}}, {"model": "auth.permission", "pk": 4, "fields": {"name": "Can view log entry", "content_type": 1, "codename": "view_logentry"}}, {"model": "auth.permission", "pk": 5, "fields": {"name": "Can add permission", "content_type": 2, "codename": "add_permission"}}, {"model": "auth.permission", "pk": 6, "fields": {"name": "Can change permission", "content_type": 2, "codename": "change_permission"}}, {"model": "auth.permission", "pk": 7, "fields": {"name": "Can delete permission", "content_type": 2, "codename": "delete_permission"}}, {"model": "auth.permission", "pk": 8, "fields": {"name": "Can view permission", "content_type": 2, "codename": "view_permission"}}, {"model": "auth.permission", "pk": 9, "fields": {"name": "Can add group", "content_type": 3, "codename": "add_group"}}, {"model": "auth.permission", "pk": 10, "fields": {"name": "Can change group", "content_type": 3, "codename": "change_group"}}, {"model": "auth.permission", "pk": 11, "fields": {"name": "Can delete group", "content_type": 3, "codename": "delete_group"}}, {"model": "auth.permission", "pk": 12, "fields": {"name": "Can view group", "content_type": 3, "codename": "view_group"}}, {"model": "auth.permission", "pk": 13, "fields": {"name": "Can add user", "content_type": 4, "codename": "add_user"}}, {"model": "auth.permission", "pk": 14, "fields": {"name": "Can change user", "content_type": 4, "codename": "change_user"}}, {"model": "auth.permission", "pk": 15, "fields": {"name": "Can delete user", "content_type": 4, "codename": "delete_user"}}, {"model": "auth.permission", "pk": 16, "fields": {"name": "Can view user", "content_type": 4, "codename": "view_user"}}, {"model": "auth.permission", "pk": 17, "fields": {"name": "Can add content type", "content_type": 5, "codename": "add_contenttype"}}, {"model": "auth.permission", "pk": 18, "fields": {"name": "Can change content type", "content_type": 5, "codename": "change_contenttype"}}, {"model": "auth.permission", "pk": 19, "fields": {"name": "Can delete content type", "content_type": 5, "codename": "delete_contenttype"}}, {"model": "auth.permission", "pk": 20, "fields": {"name": "Can view content type", "content_type": 5, "codename": "view_contenttype"}}, {"model": "auth.permission", "pk": 21, "fields": {"name": "Can add session", "content_type": 6, "codename": "add_session"}}, {"model": "auth.permission", "pk": 22, "fields": {"name": "Can change session", "content_type": 6, "codename": "change_session"}}, {"model": "auth.permission", "pk": 23, "fields": {"name": "Can delete session", "content_type": 6, "codename": "delete_session"}}, {"model": "auth.permission", "pk": 24, "fields": {"name": "Can view session", "content_type": 6, "codename": "view_session"}}, {"model": "auth.permission", "pk": 25, "fields": {"name": "Can add usuario", "content_type": 7, "codename": "add_usuario"}}, {"model": "auth.permission", "pk": 26, "fields": {"name": "Can change usuario", "content_type": 7, "codename": "change_usuario"}}, {"model": "auth.permission", "pk": 27, "fields": {"name": "Can delete usuario", "content_type": 7, "codename": "delete_usuario"}}, {"model": "auth.permission", "pk": 28, "fields": {"name": "Can view usuario", "content_type": 7, "codename": "view_usuario"}}, {"model": "auth.permission", "pk": 29, "fields": {"name": "Can add comercial", "content_type": 8, "codename": "add_comercial"}}, {"model": "auth.permission", "pk": 30, "fields": {"name": "Can change comercial", "content_type": 8, "codename": "change_comercial"}}, {"model": "auth.permission", "pk": 31, "fields": {"name": "Can delete comercial", "content_type": 8, "codename": "delete_comercial"}}, {"model": "auth.permission", "pk": 32, "fields": {"name": "Can view comercial", "content_type": 8, "codename": "view_comercial"}}, {"model": "auth.permission", "pk": 33, "fields": {"name": "Can add soporte_ tecnico", "content_type": 9, "codename": "add_soporte_tecnico"}}, {"model": "auth.permission", "pk": 34, "fields": {"name": "Can change soporte_ tecnico", "content_type": 9, "codename": "change_soporte_tecnico"}}, {"model": "auth.permission", "pk": 35, "fields": {"name": "Can delete soporte_ tecnico", "content_type": 9, "codename": "delete_soporte_tecnico"}}, {"model": "auth.permission", "pk": 36, "fields": {"name": "Can view soporte_ tecnico", "content_type": 9, "codename": "view_soporte_tecnico"}}, {"model": "auth.group", "pk": 1, "fields": {"name": "SoporteTecnicoAplicacio1", "permissions": [33, 34, 35, 36]}}, {"model": "auth.group", "pk": 2, "fields": {"name": "ComercialAplicacion1", "permissions": [29, 30, 31, 32]}}, {"model": "auth.user", "pk": 1, "fields": {"password": "pbkdf2_sha256$320000$iH89iJu5LbFbH6bPA5wdQY$TUNTMuDRfEqRvHtveMwYaBFcfn/YUMrxE/pPKSN6mq8=", "last_login": "2022-05-04T18:12:00.459Z", "is_superuser": true, "username": "carlos", "first_name": "", "last_name": "", "email": "", "is_staff": true, "is_active": true, "date_joined": "2022-04-16T21:14:29.392Z", "groups": [], "user_permissions": []}}, {"model": "auth.user", "pk": 2, "fields": {"password": "pbkdf2_sha256$320000$EoJkk4obNNpBoBSBIoRP54$7NdW/ZTH/SphDt2/r1WC8n/BmQ+CkGEKRTu4fW5WR4w=", "last_login": null, "is_superuser": false, "username": "cristian_cespedes", "first_name": "Cristian", "last_name": "Cespedes", "email": "cristian.cespedes@outlook.com", "is_staff": false, "is_active": true, "date_joined": "2022-04-16T21:49:43Z", "groups": [], "user_permissions": []}}, {"model": "auth.user", "pk": 3, "fields": {"password": "pbkdf2_sha256$320000$DdcER3HSuxDxg1uEjbLSHs$eggJ0QQh19zq1/pYuYBSRHFfBm1R2KysxcZWfB6ZmaI=", "last_login": null, "is_superuser": false, "username": "juanjose_cespedes", "first_name": "Juan Jos�", "last_name": "Cespedes", "email": "juanjose.cespedes@outlook.com", "is_staff": false, "is_active": true, "date_joined": "2022-04-16T21:50:34Z", "groups": [], "user_permissions": []}}, {"model": "auth.user", "pk": 4, "fields": {"password": "pbkdf2_sha256$320000$xfxv4NCmk4XOyVstn2m17l$FxD/re9G+w6/rw4Fmp7IEMjFosARfcZGBJ97Y2ICxiI=", "last_login": null, "is_superuser": false, "username": "guillermo_allende", "first_name": "Guillermo", "last_name": "Allende", "email": "guillermo.allende@vtr.net", "is_staff": false, "is_active": true, "date_joined": "2022-04-16T21:51:06Z", "groups": [], "user_permissions": []}}, {"model": "auth.user", "pk": 5, "fields": {"password": "pbkdf2_sha256$320000$NFdiKLEKKWfr3Ea2QaRhy5$dhuWq4EMQfAxibfCoQvQwm5YYvi8/NFQTUuKGOauung=", "last_login": null, "is_superuser": false, "username": "calos_olivares", "first_name": "Carlos", "last_name": "Olivares", "email": "colivares@gmail.com", "is_staff": false, "is_active": true, "date_joined": "2022-04-16T21:51:45Z", "groups": [], "user_permissions": []}}, {"model": "auth.user", "pk": 6, "fields": {"password": "pbkdf2_sha256$320000$Mn1e6pLD98M6RRwaeAji8d$30zaVaHpl5rxamQAR9lkvSbQoxj+WLlNrU4PMee51k4=", "last_login": null, "is_superuser": false, "username": "juan_puig", "first_name": "Juan", "last_name": "Puig", "email": "resort@playa.cl", "is_staff": false, "is_active": true, "date_joined": "2022-04-16T21:52:29Z", "groups": [], "user_permissions": []}}, {"model": "auth.user", "pk": 7, "fields": {"password": "pbkdf2_sha256$320000$BquYdrNls5DIDQ9RqEmLq3$VeRny/9NlHN/GmuEyQSAPQErpW+JHe5oeg9Vy8axWoE=", "last_login": "2022-04-24T01:19:10.269Z", "is_superuser": false, "username": "Mauricio", "first_name": "", "last_name": "", "email": "mauri@gmail.com", "is_staff": false, "is_active": true, "date_joined": "2022-04-22T16:18:14.353Z", "groups": [], "user_permissions": []}}, {"model": "auth.user", "pk": 8, "fields": {"password": "pbkdf2_sha256$320000$a3GEi4VGgxublHl0jo9x5A$qLl3BEkyu+Oz325GLWlcGTLBcpoya2Q15bAMnkypObE=", "last_login": null, "is_superuser": false, "username": "maria_quintanilla", "first_name": "", "last_name": "", "email": "mquintanilla@gmail.com", "is_staff": false, "is_active": true, "date_joined": "2022-04-22T19:26:51.245Z", "groups": [], "user_permissions": []}}, {"model": "auth.user", "pk": 9, "fields": {"password": "pbkdf2_sha256$320000$GiNHISFy9cnS0PZXgpOn1J$z5AXdXzz+QW7IpZCjwQCwanyOU/1KWeoUffbI1YCrIs=", "last_login": null, "is_superuser": false, "username": "cristian_almonacid", "first_name": "Cristian", "last_name": "Almonacid", "email": "c.almonacid@outlook.cl", "is_staff": true, "is_active": true, "date_joined": "2022-04-26T19:31:26Z", "groups": [1], "user_permissions": []}}, {"model": "auth.user", "pk": 10, "fields": {"password": "pbkdf2_sha256$320000$WQH11rArXMLlkURgi9k3j6$pxowfIiq5+UnTSHjW5SoeRuF28B2gHSZZv19IkgorB0=", "last_login": null, "is_superuser": false, "username": "nelson_valenzuela", "first_name": "Nelson", "last_name": "Valenzuela", "email": "nvalenzuela@gmail.com", "is_staff": true, "is_active": true, "date_joined": "2022-04-26T19:32:14Z", "groups": [1], "user_permissions": []}}, {"model": "auth.user", "pk": 11, "fields": {"password": "pbkdf2_sha256$320000$nWKgxD80IViNA7870i9Hre$O2thvKAEOs8FGbrPaaFtJp6F+XZG7ZbD2sFlvUpbacI=", "last_login": null, "is_superuser": false, "username": "guillermo_toledo", "first_name": "Guillermo", "last_name": "Toledo", "email": "guillermo.toledo@vtr.net", "is_staff": true, "is_active": true, "date_joined": "2022-04-26T19:32:43Z", "groups": [2], "user_permissions": []}}, {"model": "auth.user", "pk": 12, "fields": {"password": "pbkdf2_sha256$320000$ZDE8RQ4oiZdzBo3Qs3Hgvx$+hES/Kw4K8o0aT7LRZp2q8Jacng4AKeq+QWTprqoJ98=", "last_login": null, "is_superuser": false, "username": "rodrigo_carcamo", "first_name": "Rodrigo", "last_name": "Carcamo", "email": "r.carcamo@entel.com", "is_staff": true, "is_active": true, "date_joined": "2022-04-26T19:33:24Z", "groups": [2], "user_permissions": []}}, {"model": "contenttypes.contenttype", "pk": 1, "fields": {"app_label": "admin", "model": "logentry"}}, {"model": "contenttypes.contenttype", "pk": 2, "fields": {"app_label": "auth", "model": "permission"}}, {"model": "contenttypes.contenttype", "pk": 3, "fields": {"app_label": "auth", "model": "group"}}, {"model": "contenttypes.contenttype", "pk": 4, "fields": {"app_label": "auth", "model": "user"}}, {"model": "contenttypes.contenttype", "pk": 5, "fields": {"app_label": "contenttypes", "model": "contenttype"}}, {"model": "contenttypes.contenttype", "pk": 6, "fields": {"app_label": "sessions", "model": "session"}}, {"model": "contenttypes.contenttype", "pk": 7, "fields": {"app_label": "aplicacion1", "model": "usuario"}}, {"model": "contenttypes.contenttype", "pk": 8, "fields": {"app_label": "aplicacion1", "model": "comercial"}}, {"model": "contenttypes.contenttype", "pk": 9, "fields": {"app_label": "aplicacion1", "model": "soporte_tecnico"}}, {"model": "sessions.session", "pk": "6ybgcgiqw8sn9ykooz6mrqn8g6ed9dvv", "fields": {"session_data": ".eJxVjEEOwiAQRe_C2hCRzgAu3XsGMsOAVA1NSrsy3l2bdKHb_977LxVpXWpce57jKOqsjDr8bkzpkdsG5E7tNuk0tWUeWW-K3mnX10ny87K7fweVev3WIN6DG1I4ImIiocSDMUKWGYxNZD0XKwZdsRgoAEBh9BRQTkguZ_X-AOmROD4:1ngAYP:-osSX19HpQpGa4U7WNBTnZBgOP1syWlOoqIZ5WiF9kY", "expire_date": "2022-05-01T19:27:25.121Z"}}, {"model": "sessions.session", "pk": "d340g0osz637xazs1t3p7kvygfr6t9b5", "fields": {"session_data": ".eJxVjEsOwjAMBe-SNYrqxG1iluw5Q-XYKS2gROpnhbg7VOoCtm9m3sv0vK1jvy157ic1ZxPM6XdLLI9cdqB3LrdqpZZ1npLdFXvQxV6r5uflcP8ORl7Gb500do0Qxy61RIqNhxwxZEcwKBB4bAfBGJDJg0J2LEASMHlxrvPOvD_TEDce:1ni1OF:YNcKRAITnHfDvwNp7sYjQUvOBufpZYY52rwAME8GJtg", "expire_date": "2022-05-06T22:04:35.270Z"}}, {"model": "sessions.session", "pk": "f86brnsnlgz9nb93knsmfoewxqwl143o", "fields": {"session_data": ".eJxVjEEOwiAQRe_C2hCRzgAu3XsGMsOAVA1NSrsy3l2bdKHb_977LxVpXWpce57jKOqsjDr8bkzpkdsG5E7tNuk0tWUeWW-K3mnX10ny87K7fweVev3WIN6DG1I4ImIiocSDMUKWGYxNZD0XKwZdsRgoAEBh9BRQTkguZ_X-AOmROD4:1nmJTk:iWB_yPsIYjMYdIAPJQMGc-cGNFDHEc9yyXwJUE3EjYg", "expire_date": "2022-05-18T18:12:00.469Z"}}, {"model": "sessions.session", "pk": "fas7n25cuqeji9ixgs6kkmw08xkp099l", "fields": {"session_data": ".eJxVjEEOwiAQRe_C2hCRzgAu3XsGMsOAVA1NSrsy3l2bdKHb_977LxVpXWpce57jKOqsjDr8bkzpkdsG5E7tNuk0tWUeWW-K3mnX10ny87K7fweVev3WIN6DG1I4ImIiocSDMUKWGYxNZD0XKwZdsRgoAEBh9BRQTkguZ_X-AOmROD4:1nhZDl:pIpCRTl32pKFXSzK2mlW7xJBv8eGIVUb8GDqNEEhWXI", "expire_date": "2022-05-05T15:59:53.479Z"}}, {"model": "sessions.session", "pk": "ms3lhd51h7lhstv6ryu1vd1g22pjqe9h", "fields": {"session_data": ".eJxVjEEOwiAQRe_C2hCRzgAu3XsGMsOAVA1NSrsy3l2bdKHb_977LxVpXWpce57jKOqsjDr8bkzpkdsG5E7tNuk0tWUeWW-K3mnX10ny87K7fweVev3WIN6DG1I4ImIiocSDMUKWGYxNZD0XKwZdsRgoAEBh9BRQTkguZ_X-AOmROD4:1nhYGv:eoZK-4FohRC6kKHygDeivPKyZ1XFf_yWUFdcOXFaUbI", "expire_date": "2022-05-05T14:59:05.816Z"}}, {"model": "sessions.session", "pk": "y18t5g00kmdyksjhraq2nalum76qk77z", "fields": {"session_data": ".eJxVjEEOwiAQRe_C2hCRzgAu3XsGMsOAVA1NSrsy3l2bdKHb_977LxVpXWpce57jKOqsjDr8bkzpkdsG5E7tNuk0tWUeWW-K3mnX10ny87K7fweVev3WIN6DG1I4ImIiocSDMUKWGYxNZD0XKwZdsRgoAEBh9BRQTkguZ_X-AOmROD4:1nhYSQ:nXUA7n63Ir2dbJjYvYzjPuZ99iRfX7e0HVd4nGjBUBI", "expire_date": "2022-05-05T15:10:58.789Z"}}, {"model": "aplicacion1.usuario", "pk": 1, "fields": {"nombre": "Cristian", "apellido": "Cespedes", "email": "cristian.cespedes@outlook.com"}}, {"model": "aplicacion1.usuario", "pk": 2, "fields": {"nombre": "Juan Jos�", "apellido": "Cespedes", "email": "juanjose.cespedes@outlook.com"}}, {"model": "aplicacion1.usuario", "pk": 3, "fields": {"nombre": "Guillermo", "apellido": "Allende", "email": "guillermo.allende@vtr.net"}}, {"model": "aplicacion1.usuario", "pk": 4, "fields": {"nombre": "Carlos", "apellido": "Olivares", "email": "colivares@gmail.com"}}, {"model": "aplicacion1.usuario", "pk": 5, "fields": {"nombre": "Juan", "apellido": "Puig", "email": "resort@playa.cl"}}, {"model": "aplicacion1.usuario", "pk": 6, "fields": {"nombre": "pedro", "apellido": "ramirez", "email": "pramirez@ocd.cl"}}, {"model": "aplicacion1.usuario", "pk": 7, "fields": {"nombre": "rafael", "apellido": "almeida", "email": "ralmeida@hotmail.com"}}, {"model": "aplicacion1.usuario", "pk": 8, "fields": {"nombre": "jorge", "apellido": "fernandez", "email": "jfernandez@gmail.com"}}, {"model": "aplicacion1.soporte_tecnico", "pk": 1, "fields": {"nombre": "Cristian", "apellido": "Almonacid", "email": "calmonacid@gmail.com"}}, {"model": "aplicacion1.soporte_tecnico", "pk": 2, "fields": {"nombre": "Nelson", "apellido": "Valenzuela", "email": "nvalenzuela@gmail.com"}}]